{
    "epochs": [
        1,
        2,
        3,
        4,
        5,
        6,
        7,
        8,
        9,
        10,
        11,
        12,
        13,
        14,
        15
    ],
    "train_loss": [
        0.24656032267074893,
        0.09864799197763205,
        0.07512829814226953,
        0.057874686111484795,
        0.050509540553558274,
        0.04254737212522283,
        0.03688065211563069,
        0.032495212269095373,
        0.030281055169535748,
        0.026122532745294812,
        0.025260427012911587,
        0.020307978538750326,
        0.020845874653312623,
        0.018428583781674543,
        0.01749227308458492
    ],
    "train_acc": [
        0.9236111111111112,
        0.9707777777777777,
        0.9784259259259259,
        0.9825,
        0.9846851851851852,
        0.9867222222222222,
        0.9885185185185185,
        0.9898333333333333,
        0.9904074074074074,
        0.992,
        0.9924074074074074,
        0.9934074074074074,
        0.9935925925925926,
        0.9937592592592592,
        0.9944444444444445
    ],
    "val_loss": [
        0.07329753699588279,
        0.05691358410155711,
        0.05098684773454443,
        0.041164807646845776,
        0.04257913791258276,
        0.03438304863250232,
        0.04581975729026817,
        0.043816103127038486,
        0.035745772755416204,
        0.038972790877167124,
        0.03867688194373962,
        0.04674469144708489,
        0.03969257977980881,
        0.04916615393589996,
        0.04767072201076522
    ],
    "val_acc": [
        0.9778333333333333,
        0.9851666666666666,
        0.9851666666666666,
        0.9881666666666666,
        0.9893333333333333,
        0.9898333333333333,
        0.9881666666666666,
        0.9895,
        0.9906666666666667,
        0.991,
        0.9901666666666666,
        0.9903333333333333,
        0.9896666666666667,
        0.9905,
        0.9911666666666666
    ],
    "test_accuracy": 0.9925,
    "test_precision": 0.9925506777295329,
    "test_recall": 0.992436728227845,
    "test_f1": 0.9924821891306838,
    "confusion_matrix": [
        [
            977,
            0,
            0,
            1,
            0,
            0,
            0,
            0,
            2,
            0
        ],
        [
            1,
            1132,
            1,
            0,
            0,
            0,
            0,
            1,
            0,
            0
        ],
        [
            0,
            0,
            1028,
            0,
            2,
            0,
            0,
            2,
            0,
            0
        ],
        [
            0,
            0,
            2,
            1004,
            0,
            3,
            0,
            0,
            1,
            0
        ],
        [
            0,
            0,
            1,
            0,
            973,
            0,
            0,
            0,
            1,
            7
        ],
        [
            1,
            0,
            0,
            4,
            0,
            885,
            2,
            0,
            0,
            0
        ],
        [
            3,
            1,
            0,
            0,
            3,
            1,
            948,
            0,
            2,
            0
        ],
        [
            0,
            4,
            11,
            0,
            0,
            0,
            0,
            1010,
            1,
            2
        ],
        [
            2,
            0,
            2,
            1,
            0,
            0,
            0,
            0,
            966,
            3
        ],
        [
            0,
            0,
            1,
            0,
            3,
            1,
            0,
            2,
            0,
            1002
        ]
    ]
}